date,weekday,changed,hidden
2026-08-04,화,161,3
2026-08-03,월,113,4
2026-08-02,일,0,0
2026-08-01,토,0,0
2026-07-31,금,95,53
2026-07-30,목,116,8
2026-07-29,수,45,296
2026-07-28,화,124,3206
2026-07-27,월,104,9
2026-07-26,일,0,0
2026-07-25,토,0,0
2026-07-24,금,48,12
2026-07-23,목,124,7
2026-07-22,수,135,15
2026-07-21,화,90,3
2026-07-20,월,151,6
2026-07-19,일,0,0
2026-07-18,토,0,3
2026-07-17,금,0,1
2026-07-16,목,59,13
2026-07-15,수,177,19
2026-07-14,화,88,13
2026-07-13,월,79,6
2026-07-12,일,0,0
2026-07-11,토,0,0
2026-07-10,금,95,4
2026-07-09,목,50,5
2026-07-08,수,86,21
2026-07-07,화,112,9
2026-07-06,월,115,21
