contentid,title,contenttypeid,type_name,region,cpyrhtDivCd,rest_field,rest_raw,use_field,use_raw,infocenter
128727,사근진해변(사근진해수욕장),12,관광지,강원특별자치도 강릉시,Type1,restdate,연중무휴,usetime,상시 개방,033-660-3978
2605193,정동진역,12,관광지,강원특별자치도 강릉시,Type3,restdate,연중무휴,usetime,노선별로 상이함,모래시계관광안내센터 033-640-4536
129585,소돌아들바위공원,12,관광지,강원특별자치도 강릉시,Type1,restdate,연중무휴,usetime,상시 개방,주문진 관광안내센터 033-640-4535
2714722,헌화로,12,관광지,강원특별자치도 강릉시,Type1,restdate,연중무휴,usetime,상시 개방,강릉시종합관광안내소 033-640-4531
800375,소금강 장천마을,12,관광지,강원특별자치도 강릉시,Type3,restdate,연중무휴,usetime,상시 개방,소금강장천마을 033-661-4667연곡면사무소 033-660-3681
2900682,강릉 3·1운동 기념공원,12,관광지,강원특별자치도 강릉시,Type1,restdate,연중무휴,usetime,상시 개방,경포여행자센터 033-640-4531
3017549,런닝맨 강릉점,12,관광지,강원특별자치도 강릉시,Type3,restdate,연중무휴,usetime,10:00~18:00 (입장마감 17:00),0507-1380-8267
127722,안목해변,12,관광지,강원특별자치도 강릉시,Type1,restdate,연중무휴,usetime,상시 개방,033-660-3887
128721,모래시계공원,12,관광지,강원특별자치도 강릉시,Type1,restdate,연중무휴,usetime,상시 개방,033-640-4533
128758,경포해수욕장,12,관광지,강원특별자치도 강릉시,Type1,restdate,연중무휴,usetime,상시 개방,033-640-4531
2721544,강문솟대다리,12,관광지,강원특별자치도 강릉시,Type1,restdate,연중무휴,usetime,상시 개방,경포여행자센터 033-640-4531
2731193,강릉항,12,관광지,강원특별자치도 강릉시,Type1,restdate,연중무휴,usetime,상시 개방,"터미널관광안내센터 033-640-4537
강릉역관광안내센터 033-642-8692"
128293,대기리산촌마을,12,관광지,강원특별자치도 강릉시,Type3,restdate,연중무휴,usetime,상시 개방※ 자세한 사항은 전화문의 요망,대기마을영농조합법인 033-647-2540
1913089,솔바람다리,12,관광지,강원특별자치도 강릉시,Type3,restdate,연중무휴,usetime,상시 개방,
4064579,하슬라강릉 이머시브아트쇼,12,관광지,강원특별자치도 강릉시,Type3,restdate,연중무휴,usetime,- 1회차 20:00~20:30- 2회차 20:30~21:00- 3회차 21:00~21:30※ 회당 30분씩 운영,010-9819-0245
2414769,강릉 솔향수목원,12,관광지,강원특별자치도 강릉시,Type1,restdate,"매주 월요일 (단, 월요일이 공휴일인 경우 그 다음날 휴원)",usetime,[주간 관람]- 09:00~18:00 (입장 마감 17시)[야간 관람]- 하절기(3월~10월) 18:00~23:00 (입장 마감 22시)- 동절기(11월~2월) 18:00~22:00 (입장 마감 21시),033-660-2322
2773857,경포플라워가든,12,관광지,강원특별자치도 강릉시,,restdate,연중무휴,usetime,상시 개방,"강릉시종합관광안내소 033-640-4531
강릉시청 녹지과 033-640-5647"
3022373,강릉 남산공원,12,관광지,강원특별자치도 강릉시,Type3,restdate,연중무휴,usetime,상시 개방,강릉시청 녹지과 033-640-5908
125619,노인봉,12,관광지,강원특별자치도 강릉시,Type3,restdate,연중무휴,usetime,※ 코스별 입산통제시간 상이하므로 홈페이지 참조,오대산국립공원사무소 033-332-6417
3069504,강릉 방동리 무궁화,12,관광지,강원특별자치도 강릉시,Type3,restdate,연중무휴,usetime,상시 개방,강릉시청 문화유산과 033-640-5581
3069501,풍호마을,12,관광지,강원특별자치도 강릉시,Type3,restdate,연중무휴,usetime,10:00~22:30,여행자플랫폼 강릉수월래 033-643-5618
3069526,애니멀스토리(강릉),12,관광지,강원특별자치도 강릉시,Type3,restdate,매주 화요일,usetime,10:00~18:00,010-2788-8763
3069502,병산 옹심이마을,12,관광지,강원특별자치도 강릉시,Type3,restdate,점포 별로 상이함,usetime,점포 별로 상이함,경포관광안내센터 033-640-4531
125417,국립대관령자연휴양림,12,관광지,강원특별자치도 강릉시,Type3,restdate,매주 화요일,usetime,[일일개장]- 09:00~18:00 [숙박시설]- 15:00~익일 11:00,033-641-9990
128757,정동진해변,12,관광지,강원특별자치도 강릉시,Type1,restdate,연중무휴,usetime,상시 개방,033-660-3598
2628994,강릉 명주동 거리,12,관광지,강원특별자치도 강릉시,,restdate,연중무휴,usetime,상시 개방,033-640-4537
126898,강릉 통일공원,12,관광지,강원특별자치도 강릉시,Type1,restdate,연중무휴,usetime,09:00~18:00,강릉통일공원 안보전시관 033-640-4469
129584,강릉 해운정,12,관광지,강원특별자치도 강릉시,Type1,restdate,연중무휴,usetime,상시 개방,033-640-4414
2605196,허난설헌 생가터,12,관광지,강원특별자치도 강릉시,Type3,restdate,매주 월요일 / 1월 1일 / 설·추석 당일,usetime,- 기념공원 상시개방- 기념관 및 다구체험관 09:00~18:00 (휴게시간 12:00~13:00)- 전통차체험관 12:00~17:00,033-640-4798
125697,안인해변,12,관광지,강원특별자치도 강릉시,Type1,restdate,연중무휴,usetime,상시 개방,강동면사무소 033-660-3598
2554069,국립대관령치유의숲,12,관광지,강원특별자치도 강릉시,Type3,restdate,"매주 토요일, 일요일",usetime,09:00~18:00,033-642-8382
776838,현덕사(강릉),12,관광지,강원특별자치도 강릉시,Type3,restdate,연중무휴,usetime,09:00~18:00※ 자세한 사항은 전화문의 요망,033-661-5878
2774687,쌍둥이동물농장,12,관광지,강원특별자치도 강릉시,,restdate,연중무휴,usetime,10:00~18:00 (입장 마감 17:00),0507-1482-1781
585585,순긋해변,12,관광지,강원특별자치도 강릉시,Type1,restdate,연중무휴,usetime,상시 개방,033-640-4414
127975,경포호(철새도래지),12,관광지,강원특별자치도 강릉시,,restdate,연중무휴,usetime,상시 개방,경포여행자센터 033-640-4531
2804197,아르떼뮤지엄 강릉,14,문화시설,강원특별자치도 강릉시,Type3,restdateculture,연중무휴,usetimeculture,10:00~20:00 (입장 마감 19:00),1899-5008
2930206,커피커퍼박물관,14,문화시설,강원특별자치도 강릉시,Type3,restdateculture,연중무휴,usetimeculture,09:00~18:00 (입장 마감 17:30),0507-1361-5604
130057,대관령박물관,14,문화시설,강원특별자치도 강릉시,,restdateculture,1월 1일 / 설·추석 당일,usetimeculture,09:00~18:00 (매표 마감 17:00),033-660-3830~2
3022375,강릉교육문화관,14,문화시설,강원특별자치도 강릉시,Type3,restdateculture,매주 월요일 / 일요일을 제외한 법정공휴일 / 관장이 기관 운영상 필요에 의해 지정한날,usetimeculture,[종합/어린이/디지털 자료실]09:00~18:0[열람실]08:00~23:00,033-640-9911
3069551,키즈몬 강릉점,14,문화시설,강원특별자치도 강릉시,Type3,restdateculture,연중무휴,usetimeculture,10:00~21:00 (식사 주문 마감 18:30),033-641-6767
3100746,강릉시립미술관 솔올,14,문화시설,강원특별자치도 강릉시,Type3,restdateculture,"매주 월요일 (단, 월요일이 공휴일인 경우에는 정상 개관하며 다음날 휴관) / 1월 1일 / 설·추석 당일",usetimeculture,10:00~18:00 (입장 마감 17:30),033-660-2446
3379937,강릉 한복 문화 창작소,14,문화시설,강원특별자치도 강릉시,Type3,restdateculture,매주 토요일~일요일 / 법정공휴일,usetimeculture,09:00~18:00,033-642-2871
3592123,디자인씽킹뮤지엄,14,문화시설,강원특별자치도 강릉시,Type3,restdateculture,연중무휴,usetimeculture,09:00~18:00 (입장 마감 17:30),033-823-2700
129784,강릉 오죽헌·시립박물관,14,문화시설,강원특별자치도 강릉시,Type1,restdateculture,"연중무휴(1월 1일/설날/추석 당일은 오죽헌만 개방, 실내 전시실 휴관)",usetimeculture,매표시간 09:00~17:00 관람시간 09:00~18:00,033-660-3301~8
2592013,강릉커피박물관,14,문화시설,강원특별자치도 강릉시,Type3,restdateculture,연중무휴,usetimeculture,09:00~18:00 (입장 마감 17:30),033-652-5599
2764935,김동명문학관,14,문화시설,강원특별자치도 강릉시,Type1,restdateculture,매주 월요일~화요일 / 1월 1일 / 설·추석 당일,usetimeculture,10:00~18:00,033-640-4270
2775531,주문진해양박물관,14,문화시설,강원특별자치도 강릉시,,restdateculture,연중무휴,usetimeculture,09:00~18:00,033-662-5333
2550106,환희컵박물관,14,문화시설,강원특별자치도 강릉시,Type1,restdateculture,1월1일 / 설·추석,usetimeculture,- 하절기 09:30~18:00- 동절기 09:30~17:00,0507-1405-3413
2714729,매월당 김시습 기념관,14,문화시설,강원특별자치도 강릉시,Type1,restdateculture,"매주 월요일, 화요일",usetimeculture,09:00~18:00,033-644-4600
2990291,강릉생태체험박물관 자연아놀자,14,문화시설,강원특별자치도 강릉시,Type1,restdateculture,"매주 수요일 (단, 수요일이 연휴 또는 공휴일인 경우 정상운영)",usetimeculture,10:00~19:00 (입장 마감 17:30),0507-1309-3773
1318353,강릉자수박물관,14,문화시설,강원특별자치도 강릉시,Type1,restdateculture,연중무휴,usetimeculture,09:30~17:30,033-644-0600
130878,정동진시간박물관,14,문화시설,강원특별자치도 강릉시,Type1,restdateculture,연중무휴,usetimeculture,[하절기(5월~10월)]- 09:00~18:00 (입장 마감 17:30)[동절기(11월~4월)]- 09:00~18:00 (입장 마감 17:00),033-645-4540
130123,참소리에디슨손성목영화박물관,14,문화시설,강원특별자치도 강릉시,Type3,restdateculture,"매주 화요일 (단, 화요일이 공휴일인 경우 그 다음날 휴관)",usetimeculture,10:00~15:40,033-655-1130
129942,강릉문화원,14,문화시설,강원특별자치도 강릉시,Type3,restdateculture,토요일~일요일 / 법정공휴일,usetimeculture,09:00~22:00,033-648-3014
2706817,강릉시립미술관 교동,14,문화시설,강원특별자치도 강릉시,Type1,restdateculture,"매주 월요일 (단, 월요일이 공휴일인 경우 정상 개관 후, 익일 휴관) / 1월 1일 / 설·추석 당일",usetimeculture,10:00~18:00,033-640-4271
2782914,고래책방,14,문화시설,강원특별자치도 강릉시,Type3,restdateculture,설·추석 당일,usetimeculture,08:30~19:30,0507-1437-0704
130703,숲사랑홍보관,14,문화시설,강원특별자치도 강릉시,Type3,restdateculture,매주 월요일 / 1월 1일 / 설·추석 당일,usetimeculture,09:00~18:00 (입장마감 17:00),033-644-4852
1722228,강릉단오제전수교육관,14,문화시설,강원특별자치도 강릉시,Type3,restdateculture,1월 1일 / 설날 / 추석 / 일요일,usetimeculture,09:00~18:00,033-660-3941~4
3532282,단오타운전시관,14,문화시설,강원특별자치도 강릉시,,restdateculture,,usetimeculture,09:00 ~ 18:00,033-640-4264
3544745,㈜타임트레인,14,문화시설,강원특별자치도 강릉시,,restdateculture,,usetimeculture,09:00~18:00,
3539725,갈골한과체험전시관,14,문화시설,강원특별자치도 강릉시,,restdateculture,예약시 운영,usetimeculture,예약시 운영,033-641-8200
3532413,소금강 돌박물관,14,문화시설,강원특별자치도 강릉시,,restdateculture,매주 월요일,usetimeculture,09:00 ~ 18:00,033-661-5510
3531540,강릉올림픽뮤지엄,14,문화시설,강원특별자치도 강릉시,,restdateculture,"매주 월요일, 법정공휴일 및 대체휴무일",usetimeculture,10:00 ~ 17:00 (입장마감 16:30),033-651-0804
2774692,강릉자동차극장,14,문화시설,강원특별자치도 강릉시,Type3,restdateculture,연중무휴,usetimeculture,영화 상영시간별 상이,033-645-7200
2551386,강릉원주대학교 박물관,14,문화시설,강원특별자치도 강릉시,Type3,restdateculture,매주 토요일~일요일 / 법정 공휴일,usetimeculture,09:00~18:00,033-640-2596
2752649,부연스카이케빈,28,레포츠,강원특별자치도 강릉시,Type3,restdateleports,연증무휴,usetimeleports,- 입실 14:00~22:00- 퇴실 11:00,
4062752,오죽헌 전통뱃놀이 체험시설,28,레포츠,강원특별자치도 강릉시,Type3,restdateleports,매주 수요일,usetimeleports,12:00~21:00,
2833823,경민호,28,레포츠,강원특별자치도 강릉시,Type3,restdateleports,매달 셋째 월요일,usetimeleports,07:00~22:00,
2494745,정동심곡 바다부채길,28,레포츠,강원특별자치도 강릉시,Type1,restdateleports,"연중무휴※ 단, 기상특보(풍랑주의보, 풍랑경보 등) 발령 시 휴무",usetimeleports,"- 하절기(4월~10월) 09:00~17:30 (매표 마감 16:30)- 동절기(11월~3월) 09:00~16:30 (매표 마감 15:30)※ 천재지변이나 일출·일몰 시간, 군부대의 작전 등을 고려하여 시장이 필요하다고 인정할 경우 입장 시간이 변경될 수 있음",
2792194,강릉 금진리321카라반,28,레포츠,강원특별자치도 강릉시,,restdateleports,연중무휴,usetimeleports,- 입실 15:00- 퇴실 11:00,
2791912,안목커피거리카라반캠핑,28,레포츠,강원특별자치도 강릉시,Type3,restdateleports,연중무휴,usetimeleports,- 입실 16:00- 퇴실 12:00,
3029909,해원다이브리조트,28,레포츠,강원특별자치도 강릉시,Type3,restdateleports,연중무휴,usetimeleports,※ 전화 문의 후 방문 요망,
3069525,강릉시인라인스케이팅장,28,레포츠,강원특별자치도 강릉시,Type3,restdateleports,법정공휴일 / 1월1일 / 설·추석,usetimeleports,"- 평일 09:00~22:00- 주말 09:00~20:00※ 단, 교육 프로그램 운영시간 내만 이용 가능※ 자세한 사항은 홈페이지 참조",
3069528,주마강산승마클럽,28,레포츠,강원특별자치도 강릉시,Type3,restdateleports,매주 월요일,usetimeleports,09:00~18:00,
3069529,보보스다이브리조트,28,레포츠,강원특별자치도 강릉시,,restdateleports,연중무휴,usetimeleports,07:00~19:00※ 자세한 사항은 홈페이지 참조 및 전화 문의 요망,
3069527,너울서프,28,레포츠,강원특별자치도 강릉시,Type3,restdateleports,연중무휴,usetimeleports,상시 영업,
3069531,하파서프,28,레포츠,강원특별자치도 강릉시,Type3,restdateleports,연중무휴,usetimeleports,- 일요일~목요일 10:00~22:00- 금요일~토요일 10:00~24:00,
131037,경포저수지,28,레포츠,강원특별자치도 강릉시,Type1,restdateleports,연중무휴,usetimeleports,상시 개방,
1012247,[강릉 바우길 4구간] 사천 둑방길,28,레포츠,강원특별자치도 강릉시,Type3,restdateleports,연중무휴,usetimeleports,상시 개방,
1012454,[해파랑길] 38코스(바우길 6구간),28,레포츠,강원특별자치도 강릉시,Type3,restdateleports,연중무휴,usetimeleports,상시 개방,
1012487,[해파랑길] 37코스(바우길 7구간),28,레포츠,강원특별자치도 강릉시,Type3,restdateleports,연중무휴,usetimeleports,상시 개방,
1012531,[해파랑길] 36코스(바우길 8구간),28,레포츠,강원특별자치도 강릉시,Type3,restdateleports,,usetimeleports,상시 개방,
1012593,[강릉 바우길 10구간] 심스테파노 길,28,레포츠,강원특별자치도 강릉시,Type3,restdateleports,,usetimeleports,,
1169632,[강릉 바우길 11구간] 신사임당길,28,레포츠,강원특별자치도 강릉시,Type3,restdateleports,,usetimeleports,,
2702476,[해파랑길] 39코스(바우길 05구간),28,레포츠,강원특별자치도 강릉시,Type1,restdateleports,연중무휴,usetimeleports,상시 개방,
2702478,[해파랑길] 40코스,28,레포츠,강원특별자치도 강릉시,Type1,restdateleports,연중무휴,usetimeleports,상시 개방,
1009525,아라나비 바다하늘자전거,28,레포츠,강원특별자치도 강릉시,Type3,restdateleports,연중무휴,usetimeleports,- 월요일 12:00~16:30- 화요일~일요일 10:00~17:00※ 자세한 사항은 전화문의 요망,
1012554,[해파랑길] 35코스(바우길 9구간),28,레포츠,강원특별자치도 강릉시,Type3,restdateleports,연중무휴,usetimeleports,상시 개방,
2553644,강릉실내빙상장,28,레포츠,강원특별자치도 강릉시,Type3,restdateleports,매주 월요일,usetimeleports,11:00~17:00,
2525011,강릉 올림픽파크,28,레포츠,강원특별자치도 강릉시,,restdateleports,연중무휴,usetimeleports,09:00~18:00,
131272,금진방파제,28,레포츠,강원특별자치도 강릉시,Type3,restdateleports,연중 무휴,usetimeleports,상시 개방,
131862,사기막저수지,28,레포츠,강원특별자치도 강릉시,Type3,restdateleports,연중 무휴,usetimeleports,,
2752057,강릉 와우파크 카라반펜션,28,레포츠,강원특별자치도 강릉시,Type3,restdateleports,,usetimeleports,,
2747568,주문진 글램핑 오토캠핑장,28,레포츠,강원특별자치도 강릉시,Type3,restdateleports,,usetimeleports,,
2763531,정원펜션 캠핑장,28,레포츠,강원특별자치도 강릉시,Type3,restdateleports,,usetimeleports,,
131271,주문진 방파제,28,레포츠,강원특별자치도 강릉시,Type3,restdateleports,,usetimeleports,,
1869883,노추산 모정탑길,28,레포츠,강원특별자치도 강릉시,Type1,restdateleports,,usetimeleports,,
2396259,정동진 레일바이크,28,레포츠,강원특별자치도 강릉시,Type3,restdateleports,,usetimeleports,,
2744417,연곡해변솔향기캠핑장,28,레포츠,강원특별자치도 강릉시,Type3,restdateleports,,usetimeleports,,
3543978,강릉생활체육센터,28,레포츠,강원특별자치도 강릉시,,restdateleports,,usetimeleports,,
3069499,무명,39,음식점,강원특별자치도 강릉시,Type3,restdatefood,매주 수요일~목요일,opentimefood,12:00~17:30,010-9172-4438
2995934,강릉한우마크나인,39,음식점,강원특별자치도 강릉시,Type3,restdatefood,매주 수요일,opentimefood,17:00~22:00 (마지막 주문 21:30),0507-1360-7701
2903492,염전횟집,39,음식점,강원특별자치도 강릉시,,restdatefood,매주 월요일,opentimefood,10:00~20:00,033-644-6227
2753134,갤러리밥스,39,음식점,강원특별자치도 강릉시,Type3,restdatefood,매주 목요일,opentimefood,- 11:30~19:00- 준비시간 15:30~16:20- 마지막 주문 18:30,0507-1365-1211
2891837,강릉커피빵 본점,39,음식점,강원특별자치도 강릉시,Type3,restdatefood,연중무휴,opentimefood,[평일/일요일]- 10:00~20:00- 마지막 주문 19:00[토요일]- 10:00~21:00- 마지막 주문 20:00,033-652-0043
2903411,신대게나라,39,음식점,강원특별자치도 강릉시,Type3,restdatefood,연중무휴,opentimefood,11:00~22:00 (마지막 주문 20:30),0507-1315-2244
2928154,순두부젤라또 1호점,39,음식점,강원특별자치도 강릉시,Type3,restdatefood,연중무휴,opentimefood,09:20~19:30 (마지막 주문 19:15),033-651-8344
2930172,강릉 초당찰떡,39,음식점,강원특별자치도 강릉시,Type3,restdatefood,연중무휴,opentimefood,09:00~18:00,0507-1361-1205
2929266,오드커피,39,음식점,강원특별자치도 강릉시,Type3,restdatefood,매주 수요일,opentimefood,11:00~21:00 (마지막 주문 20:30),033-823-4383
2930183,카페 뤼미에르,39,음식점,강원특별자치도 강릉시,Type3,restdatefood,연중무휴,opentimefood,- 월요일~토요일 08:30~23:00- 일요일 08:00~22:00,0507-1447-0225
2903367,송정해변막국수,39,음식점,강원특별자치도 강릉시,,restdatefood,매주 화요일,opentimefood,- 10:00~20:00- 쉬는시간 15:00~17:00- 마지막 주문 19:30,033-652-2611
2927544,디오슬로,39,음식점,강원특별자치도 강릉시,Type3,restdatefood,연중무휴,opentimefood,09:00~21:00,033-652-7811
2938685,애시당초,39,음식점,강원특별자치도 강릉시,Type3,restdatefood,연중무휴,opentimefood,11:00~20:00,0507-1354-8258
2930038,강릉불고기 본점,39,음식점,강원특별자치도 강릉시,Type3,restdatefood,매월 둘째 주 ·넷째 주 목요일,opentimefood,- 10:00~20:00- 준비시간 15:00~16:00- 마지막 주문 19:30※ 평일에는 준비시간 없이 운영,0507-1376-6033
2922605,보사노바 커피로스터스 강릉점,39,음식점,강원특별자치도 강릉시,Type1,restdatefood,연중무휴,opentimefood,07:00~22:00,033-653-0038
2943818,스시심,39,음식점,강원특별자치도 강릉시,,restdatefood,매주 일요일,opentimefood,11:30~21:30 (마지막 주문 20:30),033-642-1611
4016961,더블티 다이닝,39,음식점,강원특별자치도 강릉시,Type3,restdatefood,매주 일요일 / 매월 셋째 월요일,opentimefood,- 12:00~22:00- 준비시간 15:00~17:30- 마지막 주문 20:30,033-652-0709
2927791,미르마르,39,음식점,강원특별자치도 강릉시,Type3,restdatefood,연중무휴,opentimefood,09:30~21:30,033-653-3130
3019876,강릉샌드 본점,39,음식점,강원특별자치도 강릉시,Type3,restdatefood,연중무휴,opentimefood,10:00~20:00,0507-1329-9424
2903472,아날로그 소사이어티,39,음식점,강원특별자치도 강릉시,,restdatefood,연중무휴,opentimefood,11:00~24:00 (마지막 주문 23:00),0507-1334-4643
2905170,강릉짬뽕순두부 강릉본점,39,음식점,강원특별자치도 강릉시,,restdatefood,,opentimefood,08:00~18:00 (쉬는시간 14:30~15:00),033-652-8988
2941250,감자유원지,39,음식점,강원특별자치도 강릉시,,restdatefood,매주 수요일,opentimefood,- 11:00~20:00- 준비시간 15:30~17:00- 점심 마지막 주문 15:00 / 저녁 마지막 주문 19:30,0507-1370-7117
2891818,강릉샌드,39,음식점,강원특별자치도 강릉시,Type1,restdatefood,연중무휴,opentimefood,10:00~21:00※ 준비된 수량 소진 시 조기 마감될 수 있음,0507-1343-8034
2910619,커피씨엘,39,음식점,강원특별자치도 강릉시,,restdatefood,연중무휴,opentimefood,- 평일 06:00~21:00- 주말 06:00~23:00,033-653-4556
2922617,카페기와,39,음식점,강원특별자치도 강릉시,,restdatefood,매주 수요일,opentimefood,10:00~21:00 (마지막 주문 20:30),033-652-9898
3536916,차현희순두부청국장,39,음식점,강원특별자치도 강릉시,,restdatefood,매주 목요일,opentimefood,07:30~20:00,033-651-0812
4058991,파인파인 강릉점,39,음식점,강원특별자치도 강릉시,Type1,restdatefood,연중무휴,opentimefood,- 평일 10:00~19:00 (마지막 주문 18:30)- 주말 09:00~19:00 (마지막 주문 18:30),0507-1334-8889
3576963,커피내리는 버스정류장,39,음식점,강원특별자치도 강릉시,Type1,restdatefood,연중무휴,opentimefood,10:00~16:00 (마지막 주문 15:45),033-922-9996
3543262,강릉초당두부티라미수(두티),39,음식점,강원특별자치도 강릉시,Type1,restdatefood,매주 화요일~수요일,opentimefood,11:00~17:30 (마지막 주문 16:50),0507-1430-0673
2894339,퍼베이드,39,음식점,강원특별자치도 강릉시,,restdatefood,연중무휴,opentimefood,- 10:00~19:00- 음료 마지막 주문 18:00- 베이커리 마지막 주문 19:00,033-645-7953
475197,경포가든,39,음식점,강원특별자치도 강릉시,,restdatefood,연중무휴※ 자세한 사항은 전화 문의,opentimefood,11:30~21:00※ 자세한 사항은 전화 문의,033-644-2229
623156,교항면옥,39,음식점,강원특별자치도 강릉시,,restdatefood,연중무휴,opentimefood,11:00~20:00 (마지막 주문 19:10),0507-1338-9339
3069500,지베이스,39,음식점,강원특별자치도 강릉시,Type3,restdatefood,연중무휴,opentimefood,10:30~20:00,0507-1379-0175
3416220,체크이스트,39,음식점,강원특별자치도 강릉시,Type3,restdatefood,연중무휴,opentimefood,10:00~20:00 (마지막 주문 19:55),0507-1398-1730
2870295,송정용짬뽕,39,음식점,강원특별자치도 강릉시,Type3,restdatefood,매주 수요일,opentimefood,10:00~20:00(준비 시간 15:30~17:00 / 주문 마감 19:00),033-652-3432
4093743,유리알유희,38,쇼핑,강원특별자치도 강릉시,Type1,restdateshopping,연중무휴,opentime,09:00~21:00,
3069503,강릉농산물새벽시장,38,쇼핑,강원특별자치도 강릉시,Type3,restdateshopping,연중무휴,opentime,04:00~09:00,
4024888,안경진정성 이마트 강릉점,38,쇼핑,강원특별자치도 강릉시,Type3,restdateshopping,,opentime,10:00~21:00,
4010292,삼성금거래소 창신당,38,쇼핑,강원특별자치도 강릉시,Type3,restdateshopping,공휴일,opentime,09:30~19:00,
2903357,토니모리 강릉점,38,쇼핑,강원특별자치도 강릉시,Type3,restdateshopping,,opentime,11:00-19:00,
2930326,퀵실버록시 강릉점,38,쇼핑,강원특별자치도 강릉시,Type3,restdateshopping,명절,opentime,10:00-20:00,
2930333,올리비아로렌 강릉중앙점,38,쇼핑,강원특별자치도 강릉시,Type3,restdateshopping,,opentime,10:00~23:00,
2930344,라코스테 강릉점,38,쇼핑,강원특별자치도 강릉시,Type3,restdateshopping,,opentime,10:30-21:00,
2930354,LG전자베스트샵 강릉교동점,38,쇼핑,강원특별자치도 강릉시,Type3,restdateshopping,명절,opentime,10:00~20:00,
2930362,로이드 OST 강릉점,38,쇼핑,강원특별자치도 강릉시,Type3,restdateshopping,,opentime,10:00-19:00,
4024890,스케쳐스 강릉점,38,쇼핑,강원특별자치도 강릉시,Type3,restdateshopping,명절,opentime,10:00~20:00,
4024891,아디다스 강릉OFS점,38,쇼핑,강원특별자치도 강릉시,Type3,restdateshopping,,opentime,10:00~20:30,
4024892,빈폴 강릉점,38,쇼핑,강원특별자치도 강릉시,Type3,restdateshopping,명절,opentime,10:30~19:30,
4024894,노스페이스 화이트라벨 강릉점,38,쇼핑,강원특별자치도 강릉시,Type3,restdateshopping,명절,opentime,10:00~21:00,
4024895,게스 강릉점,38,쇼핑,강원특별자치도 강릉시,Type3,restdateshopping,,opentime,10:00~19:00,
4024896,CU 경포하나점,38,쇼핑,강원특별자치도 강릉시,Type3,restdateshopping,,opentime,07:00~24:00,
2905367,꼼빠니아 강릉점,38,쇼핑,강원특별자치도 강릉시,Type3,restdateshopping,"명절, 여름휴가",opentime,10:00-19:00,
2905520,유니클로 강릉포남점,38,쇼핑,강원특별자치도 강릉시,Type3,restdateshopping,,opentime,11:00-20:30,
2907693,헤지스 강릉점,38,쇼핑,강원특별자치도 강릉시,Type3,restdateshopping,명절,opentime,10:00-19:30,
2908698,나이키 강릉점,38,쇼핑,강원특별자치도 강릉시,Type3,restdateshopping,,opentime,10:00-20:00,
2930321,뉴발란스 강릉점,38,쇼핑,강원특별자치도 강릉시,Type3,restdateshopping,,opentime,10:00-20:30,
2930339,후아유 강릉점,38,쇼핑,강원특별자치도 강릉시,Type3,restdateshopping,,opentime,10:00-22:00,
2930341,일공공일안경콘택트 임당점,38,쇼핑,강원특별자치도 강릉시,Type3,restdateshopping,명절,opentime,09:00-21:30,
2930345,비너스 와코루 강릉중앙점,38,쇼핑,강원특별자치도 강릉시,Type3,restdateshopping,명절,opentime,09:30~20:00,
2930349,미니골드 강릉점,38,쇼핑,강원특별자치도 강릉시,Type3,restdateshopping,,opentime,11:00-20:00,
2930352,랜드로바 강릉점,38,쇼핑,강원특별자치도 강릉시,Type3,restdateshopping,,opentime,09:30-20:00,
2930355,솔향명품샵,38,쇼핑,강원특별자치도 강릉시,Type3,restdateshopping,명절,opentime,09:00-18:00,
2930359,비너스 와코루 강릉점,38,쇼핑,강원특별자치도 강릉시,Type3,restdateshopping,명절,opentime,10:00-20:00,
2930365,아리따움 강릉점,38,쇼핑,강원특별자치도 강릉시,Type3,restdateshopping,,opentime,10:00-21:30,
2930380,이니스프리 강릉점,38,쇼핑,강원특별자치도 강릉시,Type3,restdateshopping,,opentime,10:00-20:00,
4007956,데상트 강릉점,38,쇼핑,강원특별자치도 강릉시,Type3,restdateshopping,,opentime,10:00-20:00,
4007970,코오롱스포츠 강릉성내점,38,쇼핑,강원특별자치도 강릉시,Type3,restdateshopping,명절,opentime,10:00-19:00,
4007971,블랙야크 강릉점,38,쇼핑,강원특별자치도 강릉시,Type3,restdateshopping,"명절, 연 2회",opentime,10:00-20:00,
4010287,르까프 이마트 강릉점,38,쇼핑,강원특별자치도 강릉시,Type3,restdateshopping,"2,4주 일요일",opentime,10:00~23:00,
4010289,코닥어패럴 강릉직영점,38,쇼핑,강원특별자치도 강릉시,Type3,restdateshopping,명절,opentime,10:00~20:00,
125707,속초해수욕장,12,관광지,강원특별자치도 속초시,Type1,restdate,연중무휴,usetime,상시 개방,033-631-6055
3041338,닭전 골목,12,관광지,강원특별자치도 속초시,Type3,restdate,점포 별로 상이함,usetime,점포 별로 상이함,속초관광수산시장 033-633-3501
3041720,청호해수욕장(아바이마을 해변),12,관광지,강원특별자치도 속초시,Type3,restdate,연중무휴,usetime,상시 개방,해수욕장종합관리사무소 033-639-2027
3041483,영금정갯바위,12,관광지,강원특별자치도 속초시,Type3,restdate,연중무휴,usetime,상시 개방,해맞이 관광안내소 033-635-2003
3041283,동명항 포장마차 거리,12,관광지,강원특별자치도 속초시,Type3,restdate,점포 별 상이,usetime,16:00~01:00 (점포 별 상이),해맞이 관광안내소 033-635-2003
3040955,동명항오징어난전,12,관광지,강원특별자치도 속초시,Type3,restdate,점포별 상이함,usetime,06:00~20:00 (일몰 전) ※ 점포별 상이함,
3041101,대포항 원조튀김골목,12,관광지,강원특별자치도 속초시,Type3,restdate,점포 별로 상이함,usetime,점포 별로 상이함,해맞이 관광안내소 033-635-2003
251738,아바이마을,12,관광지,강원특별자치도 속초시,Type1,restdate,연중무휴,usetime,상시 개방,033-633-3171
127586,설악산 국립공원(외설악),12,관광지,강원특별자치도 속초시,,restdate,연중무휴,usetime,상시 개방※ 기상 정보 등에 의해 입산 통제될 수 있으므로 홈페이지 참조 및 전화 문의 요망,033-801-0900
2715992,학무정,12,관광지,강원특별자치도 속초시,Type1,restdate,연중무휴,usetime,상시 개방,033-633-3171
2659548,상도문돌담마을,12,관광지,강원특별자치도 속초시,Type1,restdate,연중무휴,usetime,상시 개방,속초시종합관광안내소 033-639-2690
2713187,영랑호 습지생태공원,12,관광지,강원특별자치도 속초시,Type1,restdate,연중무휴,usetime,상시 개방,속초시청 공원녹지과 033-639-2422
129468,아바이마을 갯배,12,관광지,강원특별자치도 속초시,Type1,restdate,연중무휴,usetime,[5월~10월]- 5:00~23:00[11월~4월]- 5:30~22:30※ 기상상황에 따라 변경될 수 있음,속초시 해양수산과 033-639-2449
2788935,영랑호 설화공원,12,관광지,강원특별자치도 속초시,Type1,restdate,연중무휴,usetime,상시 개방,속초시 친환경과 033-639-2331
128571,설악해맞이공원,12,관광지,강원특별자치도 속초시,Type1,restdate,연중무휴,usetime,상시 개방,속초시 공원녹지과 033-639-2422
2710895,대포항 전망대,12,관광지,강원특별자치도 속초시,Type1,restdate,연중무휴,usetime,상시 개방,033-639-2354
4065554,설악산소공원,12,관광지,강원특별자치도 속초시,Type1,restdate,연중무휴,usetime,시기별로 상이함,설악산국립공원 033-801-0900
129596,대포항,12,관광지,강원특별자치도 속초시,Type1,restdate,연중무휴,usetime,상시 개방,033-633-3171
4062234,ICT 스포츠 체험관,12,관광지,강원특별자치도 속초시,Type3,restdate,"매주 수요일, 목요일 / 1월 1일 / 설날·추석 당일",usetime,10:00~18:00※ 1시간당 10명씩 총 7회 운영,033-637-8760
125750,청초호,12,관광지,강원특별자치도 속초시,Type3,restdate,연중무휴,usetime,상시 개방,속초시청 관광과 033-639-2770
3533176,설악향기로,12,관광지,강원특별자치도 속초시,Type1,restdate,연중무휴,usetime,- 하절기(3월~10월) 06:00~22:00- 동절기(11월~2월) 07:00~21:00,033-639-2077
2776859,청초호 호수공원,12,관광지,강원특별자치도 속초시,Type1,restdate,연중무휴,usetime,상시 개방,"속초시종합관광안내소 033-639-2690
속초시청 공원녹지과 033-639-2422"
4054504,아바이벽화마을,12,관광지,강원특별자치도 속초시,Type1,restdate,연중무휴,usetime,상시 개방,속초시 종합관광안내소 033-639-2690
125675,천당폭포,12,관광지,강원특별자치도 속초시,Type3,restdate,연중무휴,usetime,※ 코스별 입산 통제 시간이 상이하므로 홈페이지 참조,"설악산국립공원사무소 033-801-0900
주차장 관리실 033-636-4050"
2714545,등대해수욕장,12,관광지,강원특별자치도 속초시,Type3,restdate,연중무휴,usetime,상시 개방,033-639-2027
128803,속초등대전망대,12,관광지,강원특별자치도 속초시,Type3,restdate,연중무휴,usetime,- 전망대 09:00~17:00- 야외공간 09:00~18:00,속초항로표지관리소 033-633-3406
2710897,쌍천길,12,관광지,강원특별자치도 속초시,Type3,restdate,연중무휴,usetime,상시 개방,속초시 관광안내소 033-635-2003
3468741,과자의성,12,관광지,강원특별자치도 속초시,Type3,restdate,연중무휴,usetime,10:00~18:00,033-636-9701
2715993,척산족욕공원,12,관광지,강원특별자치도 속초시,Type3,restdate,매년 12월~1월,usetime,- 하절기(5월~10월) 09:00~17:30- 동절기(3월~4월·11월) 10:00~17:30,033-633-7100
125676,토왕성폭포,12,관광지,강원특별자치도 속초시,Type1,restdate,연중무휴,usetime,상시 개방,033-801-0900
125730,금강굴,12,관광지,강원특별자치도 속초시,Type3,restdate,연중무휴,usetime,※ 코스별 입산 통제시간 상이하므로 홈페이지 참조,"설악산국립공원사무소 033-801-0900
주차장 관리실 033-636-4050"
125805,설악산 울산바위,12,관광지,강원특별자치도 속초시,Type1,restdate,연중무휴,usetime,상시 개방※ 자세한 사항은 전화문의 요망,설악산국립공원 033-801-0900
128804,속초 엑스포타워,12,관광지,강원특별자치도 속초시,Type3,restdate,연중무휴,usetime,09:00~22:00 (입장 마감 21:30),033-637-5083
125674,육담폭포,12,관광지,강원특별자치도 속초시,,restdate,연중무휴,usetime,상시 개방,설악산국립공원사무소 033-801-0900
2369002,속초 얼라이브 하트(Alive Heart),12,관광지,강원특별자치도 속초시,Type3,restdate,연중무휴,usetime,10:00~17:50 (입장 마감 17:00),033-633-2004
3041240,동그란책,14,문화시설,강원특별자치도 속초시,Type3,restdateculture,연중무휴,usetimeculture,일~금 11:00~17:00  토요일 11:00~18:00,033-673-2309
646954,설악산 탐방안내소,14,문화시설,강원특별자치도 속초시,Type3,restdateculture,매주 월요일,usetimeculture,10:00~17:00 (휴게 시간 12:00~13:00),033-801-0900
3083216,뮤지엄엑스,14,문화시설,강원특별자치도 속초시,Type1,restdateculture,연중무휴,usetimeculture,10:00~18:00 (입장 마감 17:00),0507-1469-0396
2710914,테디베어팜,14,문화시설,강원특별자치도 속초시,Type1,restdateculture,매주 월요일~목요일,usetimeculture,10:00~17:00,0507-1421-3680
2710945,동아서점,14,문화시설,강원특별자치도 속초시,Type1,restdateculture,매주 일요일,usetimeculture,09:00~21:00,033-632-1555
3041546,대포만세운동기념관,14,문화시설,강원특별자치도 속초시,Type3,restdateculture,"매주 주말 / 공휴일(단, 3·1절과 광복절은 운영)",usetimeculture,09:00~18:00 (점심시간 12:00~13:00),033-635-0751
2710858,노리숲길,14,문화시설,강원특별자치도 속초시,Type3,restdateculture,주말,usetimeculture,09:00~17:00,033-639-2975
130895,속초시립박물관·속초실향민문화촌,14,문화시설,강원특별자치도 속초시,Type3,restdateculture,매주 월요일 / 1월 1일,usetimeculture,- 하절기(3 월~10 월) 09:00~18:00 (입장마감 17:00)- 동절기(11 월~2 월) 09:00~17:00 (입장마감 16:00),033-639-2974
130111,속초문화예술회관,14,문화시설,강원특별자치도 속초시,Type3,restdateculture,,usetimeculture,프로그램별 상이,033-639-2080
2513889,국립산악박물관,14,문화시설,강원특별자치도 속초시,Type1,restdateculture,"매주 월요일 (단, 월요일이 공휴일인 경우 정상 개관) / 1월 1일 / 설·추석 연휴",usetimeculture,09:00~18:00,033-638-4459
2710965,문우당서림,14,문화시설,강원특별자치도 속초시,Type3,restdateculture,연중무휴,usetimeculture,09:00~21:00,033-635-8055
2710922,부엉이전시관(해피아울하우스),14,문화시설,강원특별자치도 속초시,Type3,restdateculture,"매주 월요일 (단, 설·추석, 휴일, 휴가철은 정상 개관)",usetimeculture,10:00~18:00 (입장 마감 17:30),033-638-8475
130344,속초문화원,14,문화시설,강원특별자치도 속초시,Type3,restdateculture,매주 일요일 / 공휴일,usetimeculture,09:00~18:00,033-632-1231
130466,석봉도자기미술관,14,문화시설,강원특별자치도 속초시,Type3,restdateculture,매주 월요일<br>※ 7 월~8 월은 무휴,usetimeculture,10:00~18:00,033-638-7711~2
2710923,테라크랩팜,14,문화시설,강원특별자치도 속초시,Type3,restdateculture,연중무휴,usetimeculture,"10:00~17:00<br>
※ 일요일은 13:30 개관",033-636-6363
2607179,발해역사관,14,문화시설,강원특별자치도 속초시,Type3,restdateculture,매주 월요일 / 1월1일,usetimeculture,"- 하절기 (3 월~10 월) 09:00~18:00<br>
- 동절기 (11 월~2 월) 09:00~17:00<br>
※ 관람종료 1시간 전 매표 마감",033-639-2977
2734043,속초밤하늘글램핑,28,레포츠,강원특별자치도 속초시,Type3,restdateleports,연중무휴,usetimeleports,- 입실 15:00- 퇴실 11:00,
2702522,[해파랑길] 45코스,28,레포츠,강원특별자치도 속초시,Type3,restdateleports,연중무휴,usetimeleports,상시 개방,
2782493,[해파랑길] 46코스,28,레포츠,강원특별자치도 속초시,Type1,restdateleports,연중무휴,usetimeleports,상시 개방,
2549932,속초 외옹치 바다향기로,28,레포츠,강원특별자치도 속초시,Type1,restdateleports,풍랑주의보 및 풍랑경보 발령 시,usetimeleports,- 하절기(4월~9월) 06:00~20:00- 동절기(10월~3월) 07:00~18:00,
2612292,설악산국립공원 자동차야영장,28,레포츠,강원특별자치도 속초시,Type3,restdateleports,연중무휴,usetimeleports,,
2744403,뉴욕카라반,28,레포츠,강원특별자치도 속초시,Type3,restdateleports,,usetimeleports,,
2743258,속초 국민여가캠핑장,28,레포츠,강원특별자치도 속초시,Type3,restdateleports,,usetimeleports,,
2710899,보광미니골프장,28,레포츠,강원특별자치도 속초시,Type3,restdateleports,,usetimeleports,,
2782125,속초파워보트클럽,28,레포츠,강원특별자치도 속초시,Type3,restdateleports,,usetimeleports,,
2791156,코마린요트,28,레포츠,강원특별자치도 속초시,Type3,restdateleports,,usetimeleports,,
2702243,장사어촌계 배낚시,28,레포츠,강원특별자치도 속초시,,restdateleports,,usetimeleports,,
2702210,동명 방파제,28,레포츠,강원특별자치도 속초시,Type1,restdateleports,,usetimeleports,,
131264,설악프라자컨트리클럽,28,레포츠,강원특별자치도 속초시,Type3,restdateleports,,usetimeleports,,
2791166,속초마리나,28,레포츠,강원특별자치도 속초시,Type3,restdateleports,,usetimeleports,,
2855262,이선장,39,음식점,강원특별자치도 속초시,Type3,restdatefood,"매주 화요일 (단, 화요일이 공휴일일 경우 정상영업함)",opentimefood,10:00~22:00,033-638-2580
3012422,스테이 오롯이,39,음식점,강원특별자치도 속초시,Type1,restdatefood,목요일,opentimefood,10:00~17:00 (마지막 주문 16:30),0507-1458-9980
2892363,대포대게회직판장,39,음식점,강원특별자치도 속초시,Type3,restdatefood,연중무휴,opentimefood,- 일요일~목요일 11:00~22:00 (마지막 주문 20:30)- 금요일~토요일 11:00~23:00 (마지막 주문 21:30),033-638-3771
2901276,유진게찜,39,음식점,강원특별자치도 속초시,Type3,restdatefood,연중무휴,opentimefood,[평일]- 11:00~22:00 (마지막 주문 20:30)[주말]- 10:30~22:00 (마지막 주문 20:30),0507-1407-0410
2905555,팔팔회센타,39,음식점,강원특별자치도 속초시,Type3,restdatefood,연중무휴,opentimefood,11:00~22:00,0507-1400-5492
2925411,너울집,39,음식점,강원특별자치도 속초시,Type3,restdatefood,매주 수요일,opentimefood,[월요일~토요일]- 10:00~17:00[일요일]- 12:00~17:00,0507-1338-0716
2913408,카페 긷,39,음식점,강원특별자치도 속초시,Type3,restdatefood,연중무휴,opentimefood,10:00~18:00 (마지막 주문 17:30),0507-1362-4043
3041816,어느멋진날카페,39,음식점,강원특별자치도 속초시,Type3,restdatefood,연중무휴※ 자세한 사항은 전화문의 요망,opentimefood,- 일요일~금요일 10:00~19:00- 토요일 10:00~20:00※ 해수욕장 개장 시즌은 매일 20:00까지 영업,0507-1359-6809
3041622,아루나,39,음식점,강원특별자치도 속초시,Type3,restdatefood,연중무휴 (인스타 별도 공지 시 휴무),opentimefood,- 금~수 09:00 ~ 18:00 (마지막 주문 17:30)- 목요일 09:00 ~ 17:00 (마지막 주문 16:30),
2901372,콩서리,39,음식점,강원특별자치도 속초시,,restdatefood,연중무휴,opentimefood,07:00~20:00 (마지막 주문 19:00)※ 재료 소진 시 조기 마감,0507-1492-1516
631755,사돈집,39,음식점,강원특별자치도 속초시,Type3,restdatefood,매주 목요일,opentimefood,08:00~15:00,0507-1472-1078
2905643,황대구탕,39,음식점,강원특별자치도 속초시,Type3,restdatefood,연중무휴,opentimefood,08:00~20:00 (마지막 주문 19:20),0507-1325-3989
2925428,앤커피스토리,39,음식점,강원특별자치도 속초시,,restdatefood,연중무휴,opentimefood,10:00~23:00,0507-1429-6623
2901674,돈까스렛,39,음식점,강원특별자치도 속초시,,restdatefood,매주 목요일,opentimefood,[월요일~수요일]- 10:30~20:00 (쉬는시간 15:00~17:00 / 마지막 주문 19:30)[금요일]- 11:00 ~ 19:45 (쉬는시간 15:00~17:00)[토요일~일요일]- 11:00~20:00 (쉬는시간 15:00~17:00 / 마지막 주문 19:30),0507-1350-7933
2901065,설악본가설렁탕,39,음식점,강원특별자치도 속초시,Type3,restdatefood,연중무휴,opentimefood,07:00~22:00,033-631-4436
2929178,키친온유,39,음식점,강원특별자치도 속초시,,restdatefood,매주 목요일,opentimefood,- 11:10~20:30- 점심 마지막 주문 14:00- 준비시간 15:00~17:10- 저녁 마지막 주문 19:30,0507-1434-6911
2905294,후포식당,39,음식점,강원특별자치도 속초시,,restdatefood,연중무휴,opentimefood,11:40~21:00 ※ 11:40~재료 소진 시까지 영업※ 17:30~재료 소진 시까지 영업※ 방문 전 전화 문의,033-632-6738
2901225,순자집곰치국,39,음식점,강원특별자치도 속초시,,restdatefood,연중무휴,opentimefood,- 06:00~19:30- 쉬는 시간 14:30~17:00- 마지막 주문 19:00,033-635-3004
2905574,해녀전복뚝배기,39,음식점,강원특별자치도 속초시,,restdatefood,연중무휴,opentimefood,[평일]- 08:00~20:00- 준비시간 15:20~16:50- 마지막 주문 19:20[주말]- 07:00~20:00- 준비시간 15:20~16:50- 마지막 주문 19:20,0507-1482-5157
2839860,카페 설악산로,39,음식점,강원특별자치도 속초시,Type1,restdatefood,연중무휴,opentimefood,- 10:00~18:00- 마지막 주문 17:30,0507-1390-6007
2901293,제제네식탁,39,음식점,강원특별자치도 속초시,Type1,restdatefood,연중무휴,opentimefood,- 11:00~20:30- 점심 마지막 주문 15:00- 준비시간 15:30~17:00- 저녁 마지막 주문 20:00,0507-1431-4125
2629590,옛고을순두부,39,음식점,강원특별자치도 속초시,Type3,restdatefood,매달 2번째 수요일,opentimefood,07:00~20:00 (19:00 라스트오더),033-636-9937
2901341,진미동치미메밀막국수,39,음식점,강원특별자치도 속초시,Type3,restdatefood,매주 수요일,opentimefood,- 11:00~19:00- 준비 시간 15:00~16:30- 점심 마지막 주문 14:20 / 저녁 마지막 주문 18:20,033-638-5955
3526067,속초보스대게,39,음식점,강원특별자치도 속초시,Type3,restdatefood,매주 화요일,opentimefood,- 11:30~22:00- 준비시간 15:30~16:30- 마지막 주문 21:00,0507-1392-6680
4059119,햅칠탐,39,음식점,강원특별자치도 속초시,Type1,restdatefood,매주 수요일~목요일,opentimefood,11:00~18:00 (마지막 주문 17:00),
2901353,초당본점,39,음식점,강원특별자치도 속초시,Type3,restdatefood,연중무휴,opentimefood,07:00~20:00 (마지막 주문 19:20),0507-1345-9877
2901165,속초어장물회,39,음식점,강원특별자치도 속초시,,restdatefood,연중무휴,opentimefood,10:00~21:30,033-637-8833
134553,최옥란할머니순두부,39,음식점,강원특별자치도 속초시,,restdatefood,연중무휴,opentimefood,06:40~16:40 (마지막 주문 16:00)※ 성수기 / 공휴일은 마지막 주문 19:00,0507-1486-0350
2824083,왕박골식당,39,음식점,강원특별자치도 속초시,,restdatefood,매주 목요일,opentimefood,09:30~19:00 (마지막 주문 18:00),033-632-5524
2892333,구구집,39,음식점,강원특별자치도 속초시,,restdatefood,매주 수요일,opentimefood,09:30~20:00 (마지막 주문 19:30),033-636-1888
2902990,속초해물칼국수,39,음식점,강원특별자치도 속초시,,restdatefood,연중무휴,opentimefood,- 평일 10:00~17:00- 주말 10:00~12:00※ 재료 소진 시 조기 마감,0507-1388-9409
2905623,홍용가,39,음식점,강원특별자치도 속초시,,restdatefood,매주 화요일,opentimefood,11:00~20:30 (준비시간 15:00~17:00)※ 예약제 운영으로 전화 문의,033-638-0217
3038513,완앤송,39,음식점,강원특별자치도 속초시,Type3,restdatefood,매주 화요일,opentimefood,[월요일]- 10:30~15:30- 마지막 주문 14:30[수요일~일요일]- 10:30~20:00- 준비시간 14:30~17:30- 마지막 주문 19:30,033-635-3437
1052565,시골이모순두부,39,음식점,강원특별자치도 속초시,,restdatefood,연중무휴,opentimefood,08:00~14:00 (마지막 주문 13:45),033-635-0232
2905230,명성게찜,39,음식점,강원특별자치도 속초시,Type3,restdatefood,매주 화요일,opentimefood,10:00~21:00 (마지막 주문 20:00),0507-1443-2354
1260275,속초관광수산시장,38,쇼핑,강원특별자치도 속초시,Type1,restdateshopping,※ 점포 별로 상이함,opentime,08:00~24:00※ 점포 별로 상이함,
4024921,CU 속초외옹치점,38,쇼핑,강원특별자치도 속초시,Type3,restdateshopping,,opentime,00:00~24:00,
2905467,지오지아 속초점,38,쇼핑,강원특별자치도 속초시,Type3,restdateshopping,,opentime,10:00~20:30,
2905470,노스페이스 속초점,38,쇼핑,강원특별자치도 속초시,Type3,restdateshopping,명절,opentime,10:30-21:00,
3305330,엠엘비(MLB) 속초점,38,쇼핑,강원특별자치도 속초시,Type3,restdateshopping,,opentime,10:00-20:30,
4010308,롯데하이마트 속초점,38,쇼핑,강원특별자치도 속초시,Type3,restdateshopping,명절,opentime,10:00~20:00,
4010309,삼성스토어 속초,38,쇼핑,강원특별자치도 속초시,Type3,restdateshopping,명절,opentime,10:30~20:30,
4010323,오렌즈 속초점,38,쇼핑,강원특별자치도 속초시,Type3,restdateshopping,,opentime,09:40~21:00,
4024913,LG전자 베스트샵 속초점,38,쇼핑,강원특별자치도 속초시,Type3,restdateshopping,명절,opentime,10:30~20:30,
2905794,네파 속초직영점,38,쇼핑,강원특별자치도 속초시,Type3,restdateshopping,,opentime,10:00-21:00,
4007984,디스커버리 속초점,38,쇼핑,강원특별자치도 속초시,Type3,restdateshopping,명절,opentime,10:30-21:00,
4010311,나이키 속초점,38,쇼핑,강원특별자치도 속초시,Type3,restdateshopping,,opentime,10:00~21:00,
2776866,대포항관광수산시장,38,쇼핑,강원특별자치도 속초시,Type3,restdateshopping,,opentime,10:00~23:00※ 점포별 상이,
2776876,설악항활어회센터,38,쇼핑,강원특별자치도 속초시,Type3,restdateshopping,점포별 상이함,opentime,점포별 상이함,
2782154,동명활어센터,38,쇼핑,강원특별자치도 속초시,Type3,restdateshopping,연중무휴,opentime,07:00~21:00,
132395,아남프라자,38,쇼핑,강원특별자치도 속초시,Type3,restdateshopping,"매월 둘째, 넷째 일요일",opentime,[하절기(3월~10월)]<br>10:00~20:30<br>[동절기(11월~2월)]<br>10:00~20:00,
2364960,속초수협 청호활어센터,38,쇼핑,강원특별자치도 속초시,Type3,restdateshopping,연중무휴,opentime,10:00~22:00,
